<?xml version="1.0" encoding="UTF-8"?><?xml-stylesheet type='text/xsl' href='_UpgradeReport_Files/UpgradeReport.xslt'?><UpgradeLog>
<Properties><Property Name="Solution" Value="UTG 2005">
</Property><Property Name="Solution File" Value="C:\Documents and Settings\Work\UTG Files\UTG\UTG 2005.sln">
</Property><Property Name="Date" Value="Saturday, January 09, 2010">
</Property><Property Name="Time" Value="1:49 AM">
</Property></Properties><Event ErrorLevel="0" Project="UTG" Source="UTG\UTG.csproj" Description="Project converted successfully">
</Event><Event ErrorLevel="3" Project="UTG" Source="UTG\UTG.csproj" Description="Converted">
</Event><Event ErrorLevel="0" Project="UTGeneratorLibrary" Source="..\UTGeneratorLibrary\UTGeneratorLibrary.csproj" Description="Project converted successfully">
</Event><Event ErrorLevel="3" Project="UTGeneratorLibrary" Source="..\UTGeneratorLibrary\UTGeneratorLibrary.csproj" Description="Converted">
</Event><Event ErrorLevel="0" Project="UTGHelper" Source="..\UTGHelper\UTGHelper.csproj" Description="Project converted successfully">
</Event><Event ErrorLevel="3" Project="UTGHelper" Source="..\UTGHelper\UTGHelper.csproj" Description="Converted">
</Event><Event ErrorLevel="0" Project="UTGManagerAndExaminor" Source="..\UTGManagerAndExaminor\UTGManagerAndExaminor.csproj" Description="Project converted successfully">
</Event><Event ErrorLevel="3" Project="UTGManagerAndExaminor" Source="..\UTGManagerAndExaminor\UTGManagerAndExaminor.csproj" Description="Converted">
</Event><Event ErrorLevel="0" Project="UTGCoverage" Source="..\UTGCoverage\UTGCoverage.csproj" Description="Project converted successfully">
</Event><Event ErrorLevel="3" Project="UTGCoverage" Source="..\UTGCoverage\UTGCoverage.csproj" Description="Converted">
</Event><Event ErrorLevel="0" Project="" Source="UTG 2005.sln" Description="Solution converted successfully">
</Event><Event ErrorLevel="3" Project="" Source="UTG 2005.sln" Description="Converted">
</Event><Event ErrorLevel="0" Project="UTG" Source="UTG\UTG.csproj" Description="Scan complete: Upgrade not required for project files.">
</Event><Event ErrorLevel="0" Project="UTGeneratorLibrary" Source="..\UTGeneratorLibrary\UTGeneratorLibrary.csproj" Description="Scan complete: Upgrade not required for project files.">
</Event><Event ErrorLevel="0" Project="UTGHelper" Source="..\UTGHelper\UTGHelper.csproj" Description="Scan complete: Upgrade not required for project files.">
</Event><Event ErrorLevel="0" Project="UTGManagerAndExaminor" Source="..\UTGManagerAndExaminor\UTGManagerAndExaminor.csproj" Description="Scan complete: Upgrade not required for project files.">
</Event><Event ErrorLevel="0" Project="UTGCoverage" Source="..\UTGCoverage\UTGCoverage.csproj" Description="Scan complete: Upgrade not required for project files.">
</Event></UpgradeLog>