<?xml version="1.0"?>
<SettingTabs xmlns:xsi="http://www.w3.org/2001/XMLSchema-instance" xmlns:xsd="http://www.w3.org/2001/XMLSchema">
  <Tabs>
    <TabClass>
      <SearchLang />
      <SearchWords />
      <NextPageQuery />
      <UnreadManage>true</UnreadManage>
      <Locked>true</Locked>
      <Notify>true</Notify>
      <SoundFile />
      <FilterArray />
      <TabName>Recent</TabName>
      <TabType>Home</TabType>
    </TabClass>
    <TabClass>
      <SearchLang />
      <SearchWords />
      <NextPageQuery />
      <UnreadManage>true</UnreadManage>
      <Locked>false</Locked>
      <Notify>true</Notify>
      <SoundFile />
      <FilterArray>
        <FiltersClass>
          <NameFilter>mamono0</NameFilter>
          <ExNameFilter />
          <BodyFilterArray />
          <ExBodyFilterArray />
          <SearchBoth>true</SearchBoth>
          <ExSearchBoth>true</ExSearchBoth>
          <MoveFrom>false</MoveFrom>
          <SetMark>true</SetMark>
          <SearchUrl>false</SearchUrl>
          <ExSearchUrl>false</ExSearchUrl>
          <CaseSensitive>false</CaseSensitive>
          <ExCaseSensitive>false</ExCaseSensitive>
          <UseLambda>false</UseLambda>
          <ExUseLambda>false</ExUseLambda>
          <UseRegex>false</UseRegex>
          <ExUseRegex>false</ExUseRegex>
          <IsRt>false</IsRt>
          <IsExRt>false</IsExRt>
          <Source />
          <ExSource />
        </FiltersClass>
      </FilterArray>
      <TabName>まものさん</TabName>
      <TabType>UserDefined</TabType>
    </TabClass>
    <TabClass>
      <SearchLang />
      <SearchWords />
      <NextPageQuery />
      <UnreadManage>true</UnreadManage>
      <Locked>false</Locked>
      <Notify>true</Notify>
      <SoundFile />
      <FilterArray />
      <TabName>Reply</TabName>
      <TabType>Mentions</TabType>
    </TabClass>
    <TabClass>
      <SearchLang />
      <SearchWords />
      <NextPageQuery />
      <UnreadManage>true</UnreadManage>
      <Locked>false</Locked>
      <Notify>true</Notify>
      <SoundFile />
      <FilterArray />
      <TabName>Direct</TabName>
      <TabType>DirectMessage</TabType>
    </TabClass>
    <TabClass>
      <SearchLang />
      <SearchWords />
      <NextPageQuery />
      <UnreadManage>true</UnreadManage>
      <Locked>true</Locked>
      <Notify>true</Notify>
      <SoundFile />
      <FilterArray />
      <TabName>Favorites</TabName>
      <TabType>Favorites</TabType>
    </TabClass>
  </Tabs>
</SettingTabs>